[{"model": "admin.logentry", "pk": 108, "fields": {"action_time": "2022-10-16T10:19:15.671Z", "user": 3, "content_type": 4, "object_id": "1", "object_repr": "dustin221", "action_flag": 3, "change_message": ""}}, {"model": "admin.logentry", "pk": 109, "fields": {"action_time": "2022-10-16T10:19:20.831Z", "user": 3, "content_type": 4, "object_id": "2", "object_repr": "admin", "action_flag": 3, "change_message": ""}}, {"model": "admin.logentry", "pk": 110, "fields": {"action_time": "2022-10-16T10:19:37.150Z", "user": 3, "content_type": 4, "object_id": "3", "object_repr": "admin", "action_flag": 2, "change_message": "[{\"changed\": {\"fields\": [\"Username\", \"First name\", \"Last name\"]}}]"}}, {"model": "admin.logentry", "pk": 111, "fields": {"action_time": "2022-10-16T20:41:56.949Z", "user": 3, "content_type": 13, "object_id": "4", "object_repr": "Boots", "action_flag": 2, "change_message": "[{\"changed\": {\"fields\": [\"Friendly name\"]}}]"}}, {"model": "admin.logentry", "pk": 112, "fields": {"action_time": "2022-10-16T20:42:09.500Z", "user": 3, "content_type": 13, "object_id": "5", "object_repr": "Full Face Helmets", "action_flag": 2, "change_message": "[{\"changed\": {\"fields\": [\"Friendly name\"]}}]"}}, {"model": "admin.logentry", "pk": 113, "fields": {"action_time": "2022-10-16T20:42:14.505Z", "user": 3, "content_type": 13, "object_id": "3", "object_repr": "Gloves", "action_flag": 2, "change_message": "[{\"changed\": {\"fields\": [\"Friendly name\"]}}]"}}, {"model": "admin.logentry", "pk": 114, "fields": {"action_time": "2022-10-16T20:42:19.436Z", "user": 3, "content_type": 13, "object_id": "1", "object_repr": "Jackets", "action_flag": 2, "change_message": "[{\"changed\": {\"fields\": [\"Friendly name\"]}}]"}}, {"model": "admin.logentry", "pk": 115, "fields": {"action_time": "2022-10-16T20:42:23.456Z", "user": 3, "content_type": 13, "object_id": "2", "object_repr": "Jeans", "action_flag": 2, "change_message": "[{\"changed\": {\"fields\": [\"Friendly name\"]}}]"}}, {"model": "admin.logentry", "pk": 116, "fields": {"action_time": "2022-10-16T20:42:35.071Z", "user": 3, "content_type": 13, "object_id": "6", "object_repr": "Open Face Helmets", "action_flag": 2, "change_message": "[{\"changed\": {\"fields\": [\"Friendly name\"]}}]"}}, {"model": "admin.logentry", "pk": 117, "fields": {"action_time": "2022-10-16T20:46:18.330Z", "user": 3, "content_type": 13, "object_id": "4", "object_repr": "Boots", "action_flag": 2, "change_message": "[{\"changed\": {\"fields\": [\"Friendly name\"]}}]"}}, {"model": "admin.logentry", "pk": 118, "fields": {"action_time": "2022-10-16T20:46:26.850Z", "user": 3, "content_type": 13, "object_id": "5", "object_repr": "Full Face Helmets", "action_flag": 2, "change_message": "[{\"changed\": {\"fields\": [\"Friendly name\"]}}]"}}, {"model": "admin.logentry", "pk": 119, "fields": {"action_time": "2022-10-16T20:46:31.201Z", "user": 3, "content_type": 13, "object_id": "3", "object_repr": "Gloves", "action_flag": 2, "change_message": "[{\"changed\": {\"fields\": [\"Friendly name\"]}}]"}}, {"model": "admin.logentry", "pk": 120, "fields": {"action_time": "2022-10-16T20:46:38.231Z", "user": 3, "content_type": 13, "object_id": "1", "object_repr": "Jackets", "action_flag": 2, "change_message": "[{\"changed\": {\"fields\": [\"Friendly name\"]}}]"}}, {"model": "admin.logentry", "pk": 121, "fields": {"action_time": "2022-10-16T20:46:42.873Z", "user": 3, "content_type": 13, "object_id": "2", "object_repr": "Jeans", "action_flag": 2, "change_message": "[{\"changed\": {\"fields\": [\"Friendly name\"]}}]"}}, {"model": "admin.logentry", "pk": 122, "fields": {"action_time": "2022-10-16T20:46:53.386Z", "user": 3, "content_type": 13, "object_id": "6", "object_repr": "Open Face Helmets", "action_flag": 2, "change_message": "[{\"changed\": {\"fields\": [\"Friendly name\"]}}]"}}, {"model": "admin.logentry", "pk": 123, "fields": {"action_time": "2022-10-16T21:14:26.405Z", "user": 3, "content_type": 14, "object_id": "40", "object_repr": "test", "action_flag": 3, "change_message": ""}}, {"model": "admin.logentry", "pk": 124, "fields": {"action_time": "2022-10-16T21:20:31.493Z", "user": 3, "content_type": 14, "object_id": "41", "object_repr": "Godzilla", "action_flag": 2, "change_message": "[]"}}, {"model": "auth.user", "pk": 3, "fields": {"password": "pbkdf2_sha256$260000$y1dX68WJlNqgw652aOjohP$n0AxoOKEUTXGZhZMjcnKbC1yY/BSkGxmd7L1OraCmJI=", "last_login": "2022-10-16T22:36:28.757Z", "is_superuser": true, "username": "admin", "first_name": "Dustin", "last_name": "Li", "email": "dustin.li1988@gmail.com", "is_staff": true, "is_active": true, "date_joined": "2022-10-16T10:18:16Z", "groups": [], "user_permissions": []}}, {"model": "auth.user", "pk": 4, "fields": {"password": "pbkdf2_sha256$260000$TUXE34X5ZmHEY0D9E9S81g$92Cg6SoBu416jqh4EMqVzs0p6tprHna+s6+0UN77m74=", "last_login": "2022-10-16T22:16:37.687Z", "is_superuser": false, "username": "dustin", "first_name": "", "last_name": "", "email": "dustin_li1988@yahoo.co.uk", "is_staff": false, "is_active": true, "date_joined": "2022-10-16T22:15:54.183Z", "groups": [], "user_permissions": []}}, {"model": "sessions.session", "pk": "349ssmkqxt45b7wauumg5n21wrtrpr7p", "fields": {"session_data": ".eJxVjDkOgzAURO_iGlnewHzK9DmD5e8FnAUkDEWCuHtwRJE0M9K8mdmIsesymDWH2SRPOsJJ9ZuhdfcwFuBvduwn6qZxmRPSUqEnzfQ6-fC4nN2_g8Hm4VgLQMlrqL0A3TRRyZYrDloCi9gG5ixTPHgH3kqrI2rtUUoExcCLqEEcp2h70m2Es6JpCc9s8GVyeocSPEnH970i8PUPq5tFFA:1ojh5Y:f_uzB9yQ3-mM7x1YGQ6-rqFvAoDwyDMBJ08o6-o7TzA", "expire_date": "2022-10-29T13:20:28.212Z"}}, {"model": "sessions.session", "pk": "5duknlqihni6np1hhidla0odn5nk1q42", "fields": {"session_data": ".eJxVjjsOgzAQRO-ytYX8A7Mu0-cMyOu1gSQCiU-FuHuMRJE0U8y8Gc0BXdi3odvXtHQjgwcF4tejEN9pugJ-hamfqzhP2zJSdSHVna7Vc-b0edzs38AQ1qG0NZJRNdas0TVNtqZVVqEzKDO1ScYgrUockYMJLpNzTMYQWomss0NdRin04A9owFsBNXgtylmvBJii5_kFFeg-NA:1ohe7i:Drh8-n2KlnhD5wI322w_dKOGz80YmQzZuWtuMZKtezk", "expire_date": "2022-10-23T21:46:14.030Z"}}, {"model": "sessions.session", "pk": "78ay3t10cz5d495qiimtjoatodwsw541", "fields": {"session_data": "e30:1ok0YO:WCKyJltPPcYgN1mhWNL1FUnCSgvmqKCUFpLc6inSVHg", "expire_date": "2022-10-30T10:07:32.147Z"}}, {"model": "sessions.session", "pk": "as8450qqiz0eufli4oimtcezkjshpkl8", "fields": {"session_data": "eyJiYWciOnsiNiI6eyJpdGVtc19ieV9zaXplIjp7Im0iOjF9fX19:1oiBeL:Ov368lU2eKTI_kD9jGy2ZsNxNsCZtPZRe4DAT7J4pnM", "expire_date": "2022-10-25T09:34:09.942Z"}}, {"model": "sessions.session", "pk": "cr0571up85emxu939pu2pl5i6fm0s4uo", "fields": {"session_data": ".eJxVjDsOwjAQBe_iGln-Jc5S0nMGa9dr4wCypTipEHeHSCmgfTPzXiLgtpaw9bSEmcVZaHH63QjjI9Ud8B3rrcnY6rrMJHdFHrTLa-P0vBzu30HBXr61AbJ6gIEN-HHMzk7aafAWVKYpqYjK6cQRGC36TN4zWUvgFLDJHox4fwC9mTdV:1offJX:ky3z8Xwy_hcVc6y5MUsbZyWF49RhM02LOjMtzn2PHf0", "expire_date": "2022-10-18T10:38:15.492Z"}}, {"model": "sessions.session", "pk": "loxwsqgfpvgyq9yaykus7h4l05ni2iwl", "fields": {"session_data": ".eJxVjMsOwiAQRf-FtSG8WjpduvcbyMCARQ2Y0iYa479rky50e8-558Ucrsvk1hZnl4mNTLLD7-YxXGPZAF2wnCsPtSxz9nxT-E4bP1WKt-Pu_gUmbNP3rcBr2UFHCmzfJ6MHaSRYDSL5IYqAwshIAQg12uStJa-1ByOAVLKgtmiLreVaXHzc8_xko3h_AFqTPpI:1oe1fZ:aXikNtB3xnyoLMSDm8R7zGws45iXc3mlc5g8xcfYFPU", "expire_date": "2022-10-13T22:06:13.892Z"}}, {"model": "sessions.session", "pk": "m1f5tbhsrim3th81chah0zs63f0jc1bb", "fields": {"session_data": "e30:1ok0i2:rK6ukAurP2ek-C39Qpe0kr0KSW-33QoVBXhlUwzHu54", "expire_date": "2022-10-30T10:17:30.411Z"}}, {"model": "sessions.session", "pk": "m6gq4h6qxwep5ge6wolror575p0ctt7w", "fields": {"session_data": "e30:1ok0dy:lDcuc0N06_WApo7DGrwwxrvl84OhjD8IAnGOKFbjBmM", "expire_date": "2022-10-30T10:13:18.180Z"}}, {"model": "sessions.session", "pk": "nevtubz9cnfmdbaf4k4qiso9f4ffi2ny", "fields": {"session_data": ".eJxVjDsOwjAQBe_iGln-Jc5S0nMGa9dr4wCypTipEHeHSCmgfTPzXiLgtpaw9bSEmcVZaHH63QjjI9Ud8B3rrcnY6rrMJHdFHrTLa-P0vBzu30HBXr61AbJ6gIEN-HHMzk7aafAWVKYpqYjK6cQRGC36TN4zWUvgFLDJHox4fwC9mTdV:1ofTLV:ym46byjB8526_wkQJfTyn0MCsTIk3O-y7qWtlX__Dvw", "expire_date": "2022-10-17T21:51:29.095Z"}}, {"model": "sessions.session", "pk": "r2pudmbobvvedw899achi225b91sis4u", "fields": {"session_data": ".eJyrVkpKTFeyqlYyAxGZJam5xfFJlfHFmVWpIIFcJSvj2lodJWOsssVKVoa1QAAAF-0XMg:1ohel6:O9tmr4Illyh6-LOt_u_JF-qyJ-TfO9JKJA46ZJSm4-Y", "expire_date": "2022-10-23T22:26:56.963Z"}}, {"model": "sessions.session", "pk": "sj5m1st3zja6kbqspw4304s55fuk5hrw", "fields": {"session_data": ".eJyrVkpKTFeyqlYyBhGZJam5xfFJlfHFmVWpIIFcJSvD2lodJSO8smZ4ZGtrAVZbIQY:1oiBOb:RuAAdpahtYaDLPMlNC6MCuWEs6BV2VIuRPz0otYJaT4", "expire_date": "2022-10-25T09:17:53.504Z"}}, {"model": "sessions.session", "pk": "ssorobnlfbdfqj073qh0wiav3katfsst", "fields": {"session_data": ".eJzFzjtrwzAQB_Cvcmg2QvIrdpZA6dKh0KFbHIweJ8upawefTFpCvnttEkM6dO52usfvrwur1RR8PRGOdWvZliUseuxpZT6wXwb2qPpm4Gbow9hqvqzw-5T462Cxe7rv_gK8Ij9fl3qTOVkkaW7yInNpZjZSuFjEMkNpS4uF0VrLHG1uXG5kliiHcaGNzQUmGM-oVg3bXlgq2FZe54xPJFIN0qzv9xWr6yMN_dqtWAQigjiLoGLvHuE0DnYyAapqioU0ASncSgtnRTB_HwNaoMmYWXBT133zih0i-ItOxEKv7LkNHl6eVz4VK24HpP72KAPgV0uBwxuOXp0I2vAYvvuHvAO7_gC7hqgx:1okAxw:7uO1k7E_BjnuyCBH1PJ3dVPzrIimRRwYM8r6KWJODZI", "expire_date": "2022-10-30T21:14:36.306Z"}}, {"model": "sessions.session", "pk": "ulafv6e4y8oxz6a663u56e6j30dk7l8p", "fields": {"session_data": ".eJxVjDEOgzAQBP9ydYQwNpijTJ83WHfYBicBJAxFgvz3xBINzRazs3sA0wDdATJH2NwUDX9MDF-XwQSdSCndwNC-jWaPbjXBQgcCLoypf7k5F_ZJ87AU_TJva-AiK8XZxuKxWPe-n-7lYKQ4_tcVshQ11rZC3TReyVYogVpi6bl1ZU-lEs72aEmS9qy1ZSkZVYm28horSD8Hk0PS:1oiEHb:8mYaOhf2A-jm0zitOX1r9uuv_uI3qgfiouYj-DNk_6o", "expire_date": "2022-10-25T12:22:51.331Z"}}, {"model": "sessions.session", "pk": "yn4bdldzn58tpmo0784q61317x362651", "fields": {"session_data": ".eJxVjMsOwiAQRf-FtSE8CqVduvcbCMwMFjVgSptojP-uTbrQ7T3nnhfzYV0mvzaafUY2Ms0Ov1sMcKWyAbyEcq4calnmHPmm8J02fqpIt-Pu_gWm0Kbve4i9SdLpzoJ1JnUGeimSEkoakjggOYgxSktoIVmQRodEykVAK0iT2qKNWsu1eHrc8_xko3h_AJDWP6E:1okCFA:0UkMunERr9MRoeIFpjqX7py5mvuC3s3cqsNZgcNIVXU", "expire_date": "2022-10-30T22:36:28.796Z"}}, {"model": "sites.site", "pk": 1, "fields": {"domain": "probikenw.example.com", "name": "Probike North Wales"}}, {"model": "account.emailaddress", "pk": 2, "fields": {"user": 3, "email": "dustin.li1988@gmail.com", "verified": true, "primary": true}}, {"model": "account.emailaddress", "pk": 3, "fields": {"user": 4, "email": "dustin_li1988@yahoo.co.uk", "verified": true, "primary": true}}, {"model": "products.category", "pk": 1, "fields": {"name": "Jackets", "slug": "jackets", "description": "Motorcycle Jackets", "friendly_name": "Jackets"}}, {"model": "products.category", "pk": 2, "fields": {"name": "Jeans", "slug": "jeans", "description": "Motorcycle Jeans", "friendly_name": "Jeans"}}, {"model": "products.category", "pk": 3, "fields": {"name": "Gloves", "slug": "gloves", "description": "Motorcycle Gloves", "friendly_name": "Gloves"}}, {"model": "products.category", "pk": 4, "fields": {"name": "Boots", "slug": "boots", "description": "Motorcycle Boots", "friendly_name": "Boots"}}, {"model": "products.category", "pk": 5, "fields": {"name": "Full Face Helmets", "slug": "full-face-helmets", "description": "Full Face Motorcycle Helmets", "friendly_name": "Full Face Helmets"}}, {"model": "products.category", "pk": 6, "fields": {"name": "Open Face Helmets", "slug": "open-face-motorcycle-helmets", "description": "Open Face Motorcycle Helmets", "friendly_name": "Open Face Helmets"}}, {"model": "products.product", "pk": 1, "fields": {"name": "X-Lite X-803 Ultra Carbon - Puro Sport Red", "slug": "xlite-x803-ultra-carbon-puro-sport-red", "sku": "PBFH654", "description": "X-lite's exclusive high-carbon version of the X-803. A full-face racing helmet for the most demanding of motorcyclists thanks to its compact size, double action visor, racing air flow ventilation system, and carbon fitting comfort lining.", "category": 5, "has_sizes": true, "price": "329.99", "rating": "5.00", "image_url": null, "image": "product/x-lite_helmet_x-803-ultra-carbon-rs_hot-lap_carbon-red_aVNFyPM.jpg", "stock": 7, "available": true, "created": "2022-10-04T09:02:07.819Z", "updated": "2022-10-16T21:48:09.324Z"}}, {"model": "products.product", "pk": 2, "fields": {"name": "Spada Lycan - White", "slug": "spada-lycan-white", "sku": "PBOH110", "description": "Open-face helmet with anti-scratch long visor, internal sun visor, and integrated rear spoiler.", "category": 6, "has_sizes": true, "price": "79.99", "rating": "5.00", "image_url": null, "image": "product/spada_helmet_lycan_white_E86BdAq.jpg", "stock": 8, "available": true, "created": "2022-10-04T09:04:34.940Z", "updated": "2022-10-14T10:10:01.923Z"}}, {"model": "products.product", "pk": 3, "fields": {"name": "Weise Victory Leather Gloves - Brown", "slug": "weise-victory-leather-gloves-brown", "sku": "PBG888", "description": "Goat leather construction, padded by memory foam inside the knuckles. Knuckle and finger reinforcement with a leather overlay with adjustable hook, loop wrist strap, and small rubber cuff grip.", "category": 3, "has_sizes": true, "price": "39.99", "rating": "5.00", "image_url": null, "image": "product/weise_leather_gloves_victory_brown_V91ZqCv.jpg", "stock": 10, "available": true, "created": "2022-10-04T09:07:22.598Z", "updated": "2022-10-14T10:09:53.546Z"}}, {"model": "products.product", "pk": 4, "fields": {"name": "RST GT CE Leather Jacket - Black", "slug": "rst-gt-ce-leather-jacket-black", "sku": "PBJA521", "description": "Full grain drum-tanned cow leather construction with perforated leather zones for added airflow. \r\n3D bubble fixed mesh lining for enhanced comfort. CE level 2 shoulder, elbow armor, and back protector are CE certified to level 2. Full RST jacket to jeans connection zip.", "category": 1, "has_sizes": true, "price": "149.99", "rating": "5.00", "image_url": null, "image": "product/rst-gt-ce-leather-jacket-black_SyMHozs.jpg", "stock": 0, "available": true, "created": "2022-10-04T09:10:29.516Z", "updated": "2022-10-14T10:09:48.483Z"}}, {"model": "products.product", "pk": 5, "fields": {"name": "TCX Hero Waterproof Boots - Vintage Brown", "slug": "tcx-boots-hero-vintage-brown", "sku": "PBB147", "description": "Full grain leather construction with waterproof lining and toe and heel counter. Leather shift pad and anatomic and replaceable footbed Lacing fastening system with zipping and velcro band closure. The sole tread offers a superior grip on any terrain.", "category": 4, "has_sizes": true, "price": "189.99", "rating": "5.00", "image_url": null, "image": "product/tcx_boots_hero_vintage_brown_update_jFG6FPW.jpg", "stock": 3, "available": true, "created": "2022-10-04T09:18:06.108Z", "updated": "2022-10-14T10:09:42.291Z"}}, {"model": "products.product", "pk": 6, "fields": {"name": "RST GT CE Leather Jeans - Black", "slug": "rst-gt-ce-leather-jeans-black", "sku": "PBJE998", "description": "Full grain drum-tanned cow leather construction with perforated leather zones for added airflow. 3D bubble fixed mesh lining for enhanced comfort. CE level 2 knee and hip armor. Full RST jacket to jeans connection zip with velcro backed RST knee sliders.", "category": 2, "has_sizes": true, "price": "129.99", "rating": "4.60", "image_url": null, "image": "product/rst-pro-series-adventure-x-ce-textile-jeans-black-black.webp", "stock": 4, "available": true, "created": "2022-10-09T10:59:25.737Z", "updated": "2022-10-14T10:09:36.040Z"}}, {"model": "products.product", "pk": 7, "fields": {"name": "Caberg Freeride Indy - Matt Black", "slug": "caberg-freeride-indy-matt-black", "sku": "PBOH347", "description": "The Freeride is the new Caberg jet with a stylish and vintage look, constructed using aramid and fibreglass. The small-sized shell is one of the smallest on the market enabling it to reach a weight slightly above 800 grams so that it can easily fit under narrow seats. The Freeride can be used either with a long clear visor included in the helmet box or with Caberg vintage goggles, available as a spare part.", "category": 6, "has_sizes": true, "price": "127.99", "rating": "5.00", "image_url": null, "image": "product/caberg_freeride_indy_matt-black_PhSKZWy.jpg", "stock": 6, "available": true, "created": "2022-10-14T08:55:05.142Z", "updated": "2022-10-14T10:09:28.478Z"}}, {"model": "products.product", "pk": 8, "fields": {"name": "Caberg Uptown - Gloss White", "slug": "caberg-uptown-gloss-white", "sku": "PBOH087", "description": "The Caberg Uptown jet helmet is a classic look useful for everyday urban routes. Featuring two front air vents along with rear extractors ensure perfect ventilation while the easy to use inner sun-visor allows adjustment for all light conditions. The outer transparent visor is anti-scratch treated and is Pinlock ready. A micrometric buckle retention system allows for safe and easy adjustments. The Caberg Uptown is also equipped with a ring to secure the helmet to the motorcycle and a removable, washable lining.", "category": 6, "has_sizes": true, "price": "109.99", "rating": "5.00", "image_url": null, "image": "product/caberg_uptown_gloss-white_376Z915.jpg", "stock": 8, "available": true, "created": "2022-10-14T08:58:13.079Z", "updated": "2022-10-14T10:09:23.060Z"}}, {"model": "products.product", "pk": 9, "fields": {"name": "Forma Adventure Low Boots - Brown", "slug": "forma-boots-adventure-low-brown", "sku": "PBB804", "description": "The new Forma Adventure low combines the comfort and flexibility of a road boot with the features of an off-road boot. Perfect for adventure touring, and for riders with larger calves.", "category": 4, "has_sizes": false, "price": "144.99", "rating": "5.00", "image_url": null, "image": "product/forma_boots_adventure-low_brown_dIa0Z1g.jpg", "stock": 12, "available": true, "created": "2022-10-14T09:02:00.168Z", "updated": "2022-10-14T10:09:14.488Z"}}, {"model": "products.product", "pk": 10, "fields": {"name": "Furygan TD12 Gloves - Black", "slug": "furygan-gloves-mixed-td12-black", "sku": "PBG247", "description": "The TD12 is a summer glove offering brilliant ventilation to keep your hands dry, even on the hottest days, and although lightweight, it definitely does not neglect the required standards of protection for a motorcycle glove.", "category": 3, "has_sizes": true, "price": "54.99", "rating": "5.00", "image_url": null, "image": "product/furygan_gloves-mixed_td12_black_ec1tm53.jpg", "stock": 20, "available": true, "created": "2022-10-14T09:05:04.393Z", "updated": "2022-10-14T10:09:07.592Z"}}, {"model": "products.product", "pk": 11, "fields": {"name": "Knox Orsa Leather Gloves MkII - Black", "slug": "hand-armour-orsa-leather-black-1", "sku": "PBG156", "description": "The Orsa leather glove MkII is a well-established and highly-rated perforated summer glove from the Knox range. It features a honeycomb gel over a floating knuckle area, backed with memory foam, which in turn is housed in a flexible but durable outer knuckle shell designed to absorb impact. The perforated goat skin upper has abrasion-resistant finger sliders on the top of the fingers. They also feature touchscreen technology on the index finger.\r\n\r\nSuperior comfort is delivered via wrap-round seamless finger ends. Meanwhile, the strong goat skin palm has a soft memory foam double layer on high-wear areas and also utilises the patented Knox Impact Scaphoid Protection System (SPS) on the palm, which incorporates Micro-Lock technology for added impact absorption. The SPS eliminates the grab effect that occurs when a leather palm makes contact with the road, reducing the risk of hyperextension, which can cause a broken scaphoid.\r\nA unique low-profile BOA wrist closure system eliminates the need for any hook and loop closers. This 'dialled-in' micro-adjustable fit slips easily under a jacket sleeve.", "category": 3, "has_sizes": true, "price": "129.99", "rating": "5.00", "image_url": null, "image": "product/hand-armour-orsa-leather-black-1_lfctcQD.jpg", "stock": 20, "available": true, "created": "2022-10-14T09:07:57.828Z", "updated": "2022-10-14T10:09:01.398Z"}}, {"model": "products.product", "pk": 12, "fields": {"name": "HJC HJC CS-15 - Trion Red", "slug": "hjc-helmet-cs15-trion-red", "sku": "PBFH088", "description": "The CS-15 features HJC's advanced channelling system to direct air around the skull for maximum cooling and a matching machine-washable removable comfort liner. The latest CAD-engineered internals guarantee the legendary HJC comfort fit and a quick-release anti-fog prepared visor provides good visibility regardless of the conditions. a micro-buckle retention strap completes this good-looking, user-friendly helmet.", "category": 5, "has_sizes": false, "price": "69.99", "rating": "4.50", "image_url": null, "image": "product/hjc_helmet_cs15_trion_red_JKCoXs4.jpg", "stock": 5, "available": true, "created": "2022-10-14T09:10:17.527Z", "updated": "2022-10-14T10:08:52.711Z"}}, {"model": "products.product", "pk": 13, "fields": {"name": "LS2 Bob Lines - Black", "slug": "ls2-helmets-bob-lines-black", "sku": "PBOH030", "description": "The LS2 Bob helmet features a high-performance fibre composite construction. This carefully layered blend of unique weave fibres, pre-impregnated with resin, into a strong, ultra-lightweight but rigid shell, accepts an impact while dispersing energy for a safer ride.", "category": 6, "has_sizes": true, "price": "139.99", "rating": "4.40", "image_url": null, "image": "product/ls2_helmets_bob-lines_black-jeans_7nUGwQB.jpg", "stock": 7, "available": true, "created": "2022-10-14T09:13:09.282Z", "updated": "2022-10-14T10:08:42.257Z"}}, {"model": "products.product", "pk": 14, "fields": {"name": "MT Le Mans 2 SV - Skull & Roses Black / Red", "slug": "mt-helmet-le-mans-2-sv-skull-and-roses-black-red", "sku": "PBOH035", "description": "Classic lines and shape, the Le Mans 2 SV helmet from MT offers a timeless design that still looks great today. The inclusion of a multi-density EPS ensures safety and comfort and reduces bulky side padding. A washable faux leather interior and micrometric buckle fastening add practicality.", "category": 6, "has_sizes": true, "price": "59.99", "rating": "4.60", "image_url": null, "image": "product/mt_helmet_le-mans-2-sv_skull-and-roses_black-red_dL7aB86.jpg", "stock": 4, "available": true, "created": "2022-10-14T09:15:04.409Z", "updated": "2022-10-14T10:12:06.429Z"}}, {"model": "products.product", "pk": 15, "fields": {"name": "Nolan N87 N-Com - Classic Metal White", "slug": "nolan-n87-classic-n-com-metal-white", "sku": "PBFH021", "description": "Nolan's top of the range N87 full-face helmet is packed full of features making it a good solid choice. With its sporty presence and unique features such as a tilt visor mechanism, N-Com intercom ready, Eyewear Adaptive system and an integrated drop-down sun-visor. The Nolan N87 is ready for the road.", "category": 5, "has_sizes": true, "price": "142.99", "rating": "5.00", "image_url": null, "image": "product/nolan_n87_classic_n-com_metal-white_OTzQ8cc.jpg", "stock": 8, "available": true, "created": "2022-10-14T09:17:15.900Z", "updated": "2022-10-14T10:08:34.471Z"}}, {"model": "products.product", "pk": 16, "fields": {"name": "Oxford Clothing Oxford Mondial Advanced Textile Jeans - Black", "slug": "oxford-clothing-jeans-textile-mondial-advanced-black", "sku": "PBJE022", "description": "The Mondial pants are created with a Laminate construction and help to keep the rider cool, dry and warm depending on the conditions. Designed to provide unrestricted movement in extreme riding conditions, using technical laminated fabrics to minimise weight whilst maximising protection against the elements.", "category": 2, "has_sizes": true, "price": "239.99", "rating": "5.00", "image_url": null, "image": "product/oxford_clothing_jeans_textile_mondial_advanced_black_wi0rTdk.jpg", "stock": 5, "available": true, "created": "2022-10-14T09:19:14.810Z", "updated": "2022-10-14T10:08:13.909Z"}}, {"model": "products.product", "pk": 17, "fields": {"name": "Oxford Continental Advanced Textile Jacket - Tech Grey", "slug": "oxford-clothing-textile-jacket-continental-advanced-tech-grey-front", "sku": "PBJA032G", "description": "The Oxford Continental is a highly versatile 3-layer jacket designed to be worn in all four seasons. Comprising of a highly ventilated outer shell with a detachable waterproof liner and removable thermal liner, meaning it can be used in hot, cold and wet weather conditions.", "category": 1, "has_sizes": true, "price": "149.99", "rating": "5.00", "image_url": null, "image": "product/oxford_clothing_textile_jacket_continental_advanced_tech_grey_front_nuCpdQq.jpg", "stock": 9, "available": true, "created": "2022-10-14T09:21:44.778Z", "updated": "2022-10-14T09:21:44.778Z"}}, {"model": "products.product", "pk": 18, "fields": {"name": "Oxford Clothing Oxford Mondial Advanced Textile Jacket - Tech Black", "slug": "oxford-jacket-textile-mondial-advanced-tech-black", "sku": "PBJA034", "description": "As they say, there is no such thing as bad weather, just bad gear. Today's riding jackets are expected to be technically brilliant but that comes at a price with laminate jackets appearing at the top of that pile. Enter the new Oxford Mondial - technically brilliant but at a price that is within reach of all discerning motorcycle riders. In addition, it's lightweight, doesn't hold water in a downpour and dries out really quickly.", "category": 1, "has_sizes": true, "price": "289.99", "rating": "4.50", "image_url": null, "image": "product/oxford_jacket_textile_mondial_advanced_tech_black_XgGhLO8.jpg", "stock": 6, "available": true, "created": "2022-10-14T09:23:32.883Z", "updated": "2022-10-14T10:07:59.529Z"}}, {"model": "products.product", "pk": 19, "fields": {"name": "Oxford Original Approved Denim Jeans Slim Fit - 2 Year Aged", "slug": "oxford-jeans-original-approved-denim-slim-2-year-ages-blue", "sku": "PBJE0088", "description": "What if regular jeans offered the same protection as heavy-duty riding pants? After continuous testing, both in the lab and out on the road, Oxford introduces Armourlite. Highly durable denim that maintains a vintage look and softness. Working with skilled weavers to include a polyamide fibre into the weave, a hard-wearing material originally developed by the military for parachute cords. Two-way stretch was added to enhance mobility and comfort, along with quick dry technology which draws sweat and increases water-repellent effects.", "category": 2, "has_sizes": true, "price": "79.99", "rating": "5.00", "image_url": null, "image": "product/oxford_jeans_original-approved-denim_slim_2-year-ages-blue_0qR8cW2.jpg", "stock": 11, "available": true, "created": "2022-10-14T09:25:58.353Z", "updated": "2022-10-14T09:25:58.353Z"}}, {"model": "products.product", "pk": 20, "fields": {"name": "Oxford Original Approved Denim Jeans Straight Fit - 2 Year Aged", "slug": "oxford-jeans-original-approved-denim-straight-2-year-ages-blue", "sku": "PBJE0043", "description": "What if regular jeans offered the same protection as heavy-duty riding pants? After continuous testing, both in the lab and out on the road, Oxford introduces Armourlite. Highly durable denim that maintains a vintage look and softness. Working with skilled weavers to include a polyamide fibre into the weave, a hard-wearing material originally developed by the military for parachute cords. Two-way stretch was added to enhance mobility and comfort, along with quick dry technology which draws sweat and increases water-repellent effects", "category": 2, "has_sizes": true, "price": "79.99", "rating": "5.00", "image_url": null, "image": "product/oxford_jeans_original-approved-denim_straight_2-year-ages-blue_i3dOh7q.jpg", "stock": 14, "available": true, "created": "2022-10-14T09:27:49.562Z", "updated": "2022-10-14T09:27:49.562Z"}}, {"model": "products.product", "pk": 21, "fields": {"name": "Oxford Hardy Wax Textile Jacket - Olive", "slug": "oxford_textile-jacket_hardy-wax_olive", "sku": "PBJA0134", "description": "Micro mesh breathable wax cotton and polyester construction with removable quilted thermal liner.\r\nCE armour at elbows and shoulders. Pocket for an optional back protector. Two front exterior chest pockets and two zipped hand pockets with dual ventilation for increased airflow. Reflective components for increased visibility. Popper-secured cuffs and collar closure system with removable Velcro badge patch.", "category": 1, "has_sizes": true, "price": "164.99", "rating": "5.00", "image_url": null, "image": "product/oxford_textile-jacket_hardy-wax_olive_nunmlxO.jpg", "stock": 10, "available": true, "created": "2022-10-14T09:30:09.556Z", "updated": "2022-10-14T09:30:09.556Z"}}, {"model": "products.product", "pk": 22, "fields": {"name": "Premier Vintage - OP Rust / Patina", "slug": "premier-vintage-op-rust-patina", "sku": "PBOH036", "description": "Classic open-face vintage design with Dyneema aramid fibre and epoxy resin construction. Removable and washable sanitised interior plus easy to use internal drop-down sun visor. Quick-release micrometric chin strap with padded strap for enhanced comfort. Weighs approximately 990g (+/- 50g).", "category": 6, "has_sizes": true, "price": "239.99", "rating": "4.40", "image_url": null, "image": "product/premier-vintage-op-rust-patina_ZbjGWkP.jpg", "stock": 0, "available": true, "created": "2022-10-14T09:32:49.235Z", "updated": "2022-10-14T10:08:18.304Z"}}, {"model": "products.product", "pk": 23, "fields": {"name": "Rev'it Eclipse Textile Jacket - Brown", "slug": "rev-it-jacket-textile-eclipse-brown-fjt223", "sku": "PBJA099", "description": "The Eclipse jacket brings it back to basics when it comes to riding in high temperatures. The impact zones are made of abrasion-resistant polyester 600D, while the front, back and inner arms are mesh to allow full airflow to the upper body. CE shoulder and elbow armour comes standard and is upgradable with an optional Seesoft CE level 2 back protector. Various adjustment straps allow the rider to create a close fit, and the jeans loops allow the Eclipse to be attached to Rev'it jeans.", "category": 1, "has_sizes": true, "price": "129.99", "rating": "5.00", "image_url": null, "image": "product/rev-it_jacket-textile_eclipse_brown_fjt223_7Owwq8T.jpg", "stock": 6, "available": true, "created": "2022-10-14T09:34:50.305Z", "updated": "2022-10-14T09:34:50.305Z"}}, {"model": "products.product", "pk": 24, "fields": {"name": "Richa Richa Atomic Textile Jacket - Grey", "slug": "richa-atomic-textile-jacket-grey-final", "sku": "PBJA824", "description": "Abrasion-resistant textile construction with an internal mesh liner for enhanced comfort. D3O protection on the shoulders, elbow and back. Waterproof 8000mm membrane. Detachable hoodie with a snap button system. Attained CE rating prEN 17092-4:2018 A.", "category": 1, "has_sizes": true, "price": "199.99", "rating": "4.60", "image_url": null, "image": "product/richa_atomic_textile_jacket_grey_final_9hZBfg9.jpg", "stock": 8, "available": true, "created": "2022-10-14T09:37:09.550Z", "updated": "2022-10-14T09:37:19.514Z"}}, {"model": "products.product", "pk": 25, "fields": {"name": "Richa Blade Waterproof Boots - Black / Red", "slug": "richa-boots-blade-black-red", "sku": "PBB831", "description": "Synthetic leathertex construction with internal waterproof lining and stretch instep for enhanced walking comfort. Replaceable metal toe slider, protection at the shins, ankles and heels with zipping with hook and loop closure.", "category": 4, "has_sizes": true, "price": "139.99", "rating": "5.00", "image_url": null, "image": "product/richa_boots_blade_black-red_bVmlRMn.jpg", "stock": 6, "available": true, "created": "2022-10-14T09:39:35.637Z", "updated": "2022-10-14T09:39:35.637Z"}}, {"model": "products.product", "pk": 26, "fields": {"name": "Richa Slick Waterproof Boots - Black", "slug": "richa-boots-slick_black", "sku": "PBB0077", "description": "Leather suede outer construction with Hipora waterproof and breathable membrane. Night-time visible reflective side inserts. Hook and loop with a lace closure system and reinforced heel and toes with leather gear change pad.", "category": 4, "has_sizes": true, "price": "69.98", "rating": "5.00", "image_url": null, "image": "product/richa_boots_slick_black_aTQQ8ve.jpg", "stock": 8, "available": true, "created": "2022-10-14T09:41:37.674Z", "updated": "2022-10-14T09:41:37.674Z"}}, {"model": "products.product", "pk": 27, "fields": {"name": "Richa Richa Carbon Winter Waterproof Leather Gloves - Black", "slug": "richa-gloves-leather-carbon-winter", "sku": "PBG447", "description": "The Richa Carbon Winter are durable weatherproof gloves. Carbon-reinforced fingers enhance the practicality whilst not compromising on styling. Reinforced palm, suede visor wiper and comfort thermal lining enhance this glove's versatility.", "category": 3, "has_sizes": true, "price": "54.99", "rating": "4.50", "image_url": null, "image": "product/richa_gloves_leather_carbon-winter_I0Ce7qM.jpg", "stock": 16, "available": true, "created": "2022-10-14T09:43:03.252Z", "updated": "2022-10-14T09:43:03.252Z"}}, {"model": "products.product", "pk": 28, "fields": {"name": "Richa Richa Daytona 2 Leather Jacket - Brown", "slug": "richa-leather-jacket-daytona-2-brown", "sku": "PBJA381", "description": "High-quality buffalo leather construction for durability. Retro shoulder stitching for added style with removable thermal liner ideal for colder rides. D3O back, elbow and shoulder armour. Short connection zip to attach to trousers with large front zip with snap button neck closure. Attained CE rating prEN 17092-3:2018 AA", "category": 1, "has_sizes": true, "price": "339.99", "rating": "5.00", "image_url": null, "image": "product/richa_leather_jacket_daytona_2_brown_CAE0kMP.jpg", "stock": 4, "available": true, "created": "2022-10-14T09:44:53.508Z", "updated": "2022-10-14T09:44:53.508Z"}}, {"model": "products.product", "pk": 29, "fields": {"name": "RST X Kevlar® Tech Pro CE Aramid Fibre Jeans - Black", "slug": "rst-denim-jeans-tech-pro-black", "sku": "PBJE813", "description": "Casual-looking Cordura denim jeans with Aramid fibre-reinforced liner. Fixed mesh lining for comfort. CE level 2 hip and knee protection.", "category": 2, "has_sizes": true, "price": "149.99", "rating": "5.00", "image_url": null, "image": "product/rst_denim-jeans_tech-pro_black_b7F6JOp.jpg", "stock": 13, "available": true, "created": "2022-10-14T09:46:38.555Z", "updated": "2022-10-14T09:46:38.555Z"}}, {"model": "products.product", "pk": 30, "fields": {"name": "RST GT CE Leather Jeans - Black / Black", "slug": "rst_leather_jeans_gt-ce_black-black", "sku": "PBJE999", "description": "Full grain drum-tanned cow leather construction with perforated leather zones for added airflow. 3D bubble fixed mesh lining for enhanced comfort. CE level 2 knee and hip armour. Full RST jacket to jeans connection zip with velcro-backed RST knee sliders.", "category": 2, "has_sizes": true, "price": "129.99", "rating": "5.00", "image_url": null, "image": "product/rst_leather_jeans_gt-ce_black-black_xDPv3Sh.jpg", "stock": 14, "available": true, "created": "2022-10-14T09:49:01.490Z", "updated": "2022-10-14T09:49:01.490Z"}}, {"model": "products.product", "pk": 31, "fields": {"name": "RST RST Stunt 3 CE Mixed Gloves - Black", "slug": "rst-stunt-3-ce-leather-gloves-black", "sku": "PBGL192", "description": "An excellent combination with a textile jacket, the Stunt 3 is a mid-length, comfortable glove. The soft aniline palm and little finger are reinforced with extra leather, the fingers have soft PU vents and ventilated leather panels for warm weather comfort. Add to that a carbon knuckle and super-fabric side re-enforcement and the Stunt 3 offers everything you could want in a mid-length sports glove", "category": 3, "has_sizes": true, "price": "35.99", "rating": "5.00", "image_url": null, "image": "product/rst_stunt-3_ce_leather_gloves_black_YxjzIRj.jpg", "stock": 24, "available": true, "created": "2022-10-14T09:50:40.648Z", "updated": "2022-10-14T09:50:40.648Z"}}, {"model": "products.product", "pk": 32, "fields": {"name": "RST Brixton CE Textile Jacket - Black", "slug": "rst-brixton-ce-textile-jacket-black", "sku": "PBJA777", "description": "HD wax cotton outer shell construction with removable thermal quilted liner for cold rides and detachable comfort lining ideal for hot weather. Strong Max zips used for added durability with coates bonded nylon triple stitched seams and zipped chest vents for customisable airflow Hook and loop adjustable cuff and waist tabs. CE-certified shoulder and elbow armour with accommodation for a back protector insert.", "category": 1, "has_sizes": true, "price": "161.99", "rating": "5.00", "image_url": null, "image": "product/rst-brixton-ce-textile-jacket-black_1E2Yyn9.jpg", "stock": 12, "available": true, "created": "2022-10-14T09:52:26.678Z", "updated": "2022-10-14T09:52:26.678Z"}}, {"model": "products.product", "pk": 33, "fields": {"name": "RST RST Rider CE Textile Gloves - Black", "slug": "rst-rider-ce-gloves-black", "sku": "PBGL125", "description": "The synthetic textile outer construction with abrasion-resistant reinforced palm. Soft memory foam knuckle armour with hook and loop wrist closure system.", "category": 3, "has_sizes": true, "price": "26.99", "rating": "5.00", "image_url": null, "image": "product/rst-rider-ce-gloves-black_woKkQxV.jpg", "stock": 20, "available": true, "created": "2022-10-14T09:57:04.288Z", "updated": "2022-10-14T09:57:04.288Z"}}, {"model": "products.product", "pk": 34, "fields": {"name": "RST Tractech Evo 3 CE Waterproof Boots - Black / Black", "slug": "rst-tractech-evo-3-ce-waterproof-boots-black-black", "sku": "PBB124", "description": "Waterproof and breathable membrane with abrasion-resistant microfibre construction and breathable membrane for added comfort. Strong TPU shin and heel protection and hinged ankle prevent overextension. Calf expansion panel for added flexibility. Hard-wearing gear shift protection pad with anti-slip multi-density sole for added grip. Nylon boot shank for enhanced durability and anti-twist mid sole for a sturdy finish. Zip closure with hook and loop flap with replaceable hard-wearing toe slider", "category": 4, "has_sizes": true, "price": "134.99", "rating": "4.50", "image_url": null, "image": "product/rst-tractech-evo-3-ce-waterproof-boots-black-black_2FTENUj.jpg", "stock": 6, "available": true, "created": "2022-10-14T09:59:35.061Z", "updated": "2022-10-14T09:59:35.061Z"}}, {"model": "products.product", "pk": 35, "fields": {"name": "Shark D-Skwal 2 - Penxa Black / Green / Yellow", "slug": "shark-helmet-d-skwal-penxa-black-green-yellow", "sku": "PBFH678", "description": "Constructed from injected thermoplastic resin, Shark's D-Skwal 2 takes motorcycle helmet safety to the next level. Every D-Skwal 2 helmet features a Maxvision pinlock visor, integrated anti-scratch sun visor, and planned locations for Sharktooth, Shark's in-house developed Bluetooth communication system.", "category": 5, "has_sizes": true, "price": "179.99", "rating": "5.00", "image_url": null, "image": "product/shark_helmet_d-skwal-penxa-black-green-yellow_Yv23s0Y.jpg", "stock": 6, "available": true, "created": "2022-10-14T10:00:55.075Z", "updated": "2022-10-14T10:00:55.075Z"}}, {"model": "products.product", "pk": 36, "fields": {"name": "Shark Shark Drak - Evok Black / Red", "slug": "shark-helmet-open-face-drak-neon-fluo-red-black", "sku": "PBOH422", "description": "A must-have streetfighter-style helmet packed full of features. The Shark Drak (previously known as the Shark Raw) is equipped with a protective face mask and removable anti-scratch and anti-fog treated goggles. The Shark Drak is Sharktooth ready and has washable natural fibre interiors and a full ventilation system to keep you cool on those hot days.", "category": 6, "has_sizes": true, "price": "189.99", "rating": "4.70", "image_url": null, "image": "product/shark_helmet_open_face_drak_neon_fluo_red_black_sFjzxQQ.jpg", "stock": 4, "available": true, "created": "2022-10-14T10:02:47.398Z", "updated": "2022-10-14T10:02:47.398Z"}}, {"model": "products.product", "pk": 37, "fields": {"name": "Shark Ridill 1.2 - Blank White", "slug": "shark-helmet-ridill-blank-gloss-white", "sku": "PBFH167", "description": "Built on the same basis as the S700S featuring redesigned ventilation and a special channel to accommodate glasses. Pinlock ready quick release visor with quick release retention system.\r\nThermoplastic construction and Integrated interior sun visor. Removable and washable interior lining and \r\neasy fit system for glasses wearers. Weight 1550g (+/-50g)", "category": 5, "has_sizes": true, "price": "94.99", "rating": "4.50", "image_url": null, "image": "product/shark_helmet_ridill_blank_gloss_white_MYliQ1L.jpg", "stock": 10, "available": true, "created": "2022-10-14T10:04:49.137Z", "updated": "2022-10-14T10:04:49.137Z"}}, {"model": "products.product", "pk": 38, "fields": {"name": "Shoei GT Air 2 - Black", "slug": "shoei-helmet-gt-air-2-black", "sku": "PBFH990", "description": "The Shoei GT Air II has the innovative and highly-acclaimed GT-Air as a baseline… the GT-Air II was destined for greatness from the very start. Advancements in design, functionality and performance have further evolved Shoei's premium full-face touring helmet, yielding even easier adaptation to the ever-changing conditions throughout your journeys. Featuring a lengthened internal sun visor for optimal sun-glare protection, an all-new \"first position\" visor opening for advanced ventilation and defogging, enhanced aerodynamics and noise-reduction technology, and the ability to seamlessly integrate with the Sena SRL2 Communication System, the GT-Air II is equipped it to accommodate your every need.", "category": 5, "has_sizes": true, "price": "459.99", "rating": "5.00", "image_url": null, "image": "product/shoei_helmet_gt-air-2_black_Asi5t0Z.jpg", "stock": 4, "available": true, "created": "2022-10-14T10:06:22.652Z", "updated": "2022-10-14T10:07:38.609Z"}}, {"model": "products.product", "pk": 39, "fields": {"name": "Shoei J-O - Matt Black", "slug": "shoei-j-o-matt-black", "sku": "PBOH999", "description": "The Shoei J-O is a contemporary yet classic look helmet and is the result of design excellence combined with attention to detail in a small but feature packed open face helmet which is both good looking and practical. It features a compact multi-composite shell, various materials and careful design consideration of each component. The CJ-3 visor restricts the rolling-in of wind turbulence and also has a 3 point closure.", "category": 6, "has_sizes": true, "price": "299.99", "rating": "5.00", "image_url": null, "image": "product/shoei_j-o_matt-black_YB68y8I.jpg", "stock": 6, "available": true, "created": "2022-10-14T10:07:29.590Z", "updated": "2022-10-14T10:07:29.590Z"}}, {"model": "products.product", "pk": 41, "fields": {"name": "Godzilla", "slug": "godzilla", "sku": "G0D51LL4", "description": "Bloody Godzilla mate!", "category": 3, "has_sizes": true, "price": "99.99", "rating": "5.00", "image_url": null, "image": "product/godzilla.jpg", "stock": 1, "available": true, "created": "2022-10-16T21:12:57.789Z", "updated": "2022-10-16T21:20:31.492Z"}}, {"model": "checkout.order", "pk": 1, "fields": {"order_number": "B8D42C0E72694992B79FA8920DD51AC1", "user_profile": null, "full_name": "test", "phone_number": "test", "email": "test@test.com", "country": "test", "street_address1": "test", "street_address2": "test", "town_or_city": "test", "county": "test", "postcode": "test", "date": "2022-10-15T14:31:29.960Z", "delivery_cost": "0.00", "order_total": "149.99", "grand_total": "149.99", "original_bag": "", "stripe_pid": ""}}, {"model": "checkout.order", "pk": 2, "fields": {"order_number": "2E0E17C9F52945C7999AF58F89A9ADF5", "user_profile": null, "full_name": "test", "phone_number": "test", "email": "test@test.com", "country": "test", "street_address1": "test", "street_address2": "test", "town_or_city": "test", "county": "test", "postcode": "test", "date": "2022-10-15T15:22:05.388Z", "delivery_cost": "0.00", "order_total": "259.97", "grand_total": "259.97", "original_bag": "", "stripe_pid": ""}}, {"model": "checkout.order", "pk": 3, "fields": {"order_number": "3AADB0DED19B4FD8A7F38C06C3AFBB31", "user_profile": null, "full_name": "test", "phone_number": "test", "email": "test@test.com", "country": "test", "street_address1": "test", "street_address2": "test", "town_or_city": "test", "county": "test", "postcode": "test", "date": "2022-10-15T20:12:53.163Z", "delivery_cost": "0.00", "order_total": "182.98", "grand_total": "182.98", "original_bag": "", "stripe_pid": ""}}, {"model": "checkout.order", "pk": 4, "fields": {"order_number": "E1EE3B480F864F1FA16FF9369D7A1EEC", "user_profile": null, "full_name": "test", "phone_number": "test", "email": "test@test.com", "country": "test", "street_address1": "test", "street_address2": "test", "town_or_city": "test", "county": "test", "postcode": "test", "date": "2022-10-15T20:31:45.957Z", "delivery_cost": "3.78", "order_total": "26.99", "grand_total": "30.77", "original_bag": "", "stripe_pid": ""}}, {"model": "checkout.order", "pk": 5, "fields": {"order_number": "49A312E68D774591A6A8609C85E12481", "user_profile": null, "full_name": "test", "phone_number": "test", "email": "test@test.com", "country": "test", "street_address1": "test", "street_address2": "test", "town_or_city": "test", "county": "test", "postcode": "test", "date": "2022-10-15T20:33:29.939Z", "delivery_cost": "3.78", "order_total": "26.99", "grand_total": "30.77", "original_bag": "", "stripe_pid": ""}}, {"model": "checkout.order", "pk": 6, "fields": {"order_number": "7E2BAA78BC77464C842F8D9EED40F9A4", "user_profile": null, "full_name": "test", "phone_number": "test", "email": "test@test.com", "country": "test", "street_address1": "test", "street_address2": "test", "town_or_city": "test", "county": "test", "postcode": "test", "date": "2022-10-15T21:10:21.087Z", "delivery_cost": "0.00", "order_total": "53.98", "grand_total": "53.98", "original_bag": "", "stripe_pid": ""}}, {"model": "checkout.order", "pk": 7, "fields": {"order_number": "7945AF54B37747859A28CC5B869A73B8", "user_profile": null, "full_name": "test", "phone_number": "test", "email": "test@test.com", "country": "UK", "street_address1": "test", "street_address2": "test", "town_or_city": "test", "county": "test", "postcode": "test", "date": "2022-10-15T21:38:27.299Z", "delivery_cost": "0.00", "order_total": "69.98", "grand_total": "69.98", "original_bag": "", "stripe_pid": ""}}, {"model": "checkout.order", "pk": 8, "fields": {"order_number": "29E7387EEA794699AFFA07AECC9CD9D8", "user_profile": null, "full_name": "test", "phone_number": "test", "email": "test@test.com", "country": "US", "street_address1": "test", "street_address2": "test", "town_or_city": "test", "county": "test", "postcode": "test", "date": "2022-10-15T21:40:38.862Z", "delivery_cost": "0.00", "order_total": "109.99", "grand_total": "109.99", "original_bag": "", "stripe_pid": ""}}, {"model": "checkout.order", "pk": 9, "fields": {"order_number": "F41510FE4FA942129E4AA93FF62618B2", "user_profile": null, "full_name": "test", "phone_number": "test", "email": "test@test.com", "country": "UK", "street_address1": "test", "street_address2": "test", "town_or_city": "test", "county": "test", "postcode": "test", "date": "2022-10-15T22:05:14.340Z", "delivery_cost": "0.00", "order_total": "109.99", "grand_total": "109.99", "original_bag": "{\"8\": {\"items_by_size\": {\"m\": 1}}}", "stripe_pid": "pi_3LtIRtApQrGKaWPW034c9pDf"}}, {"model": "checkout.order", "pk": 10, "fields": {"order_number": "571C9A02DAFE422C907169B1883AF359", "user_profile": 1, "full_name": "Dustin Li", "phone_number": "07783405748", "email": "test@test.com", "country": "GB", "street_address1": "42 Elm Grove", "street_address2": null, "town_or_city": "Buckley", "county": "Flintshire", "postcode": "CH7 2LU", "date": "2022-10-16T12:22:37.162Z", "delivery_cost": "0.00", "order_total": "149.99", "grand_total": "149.99", "original_bag": "{\"17\": {\"items_by_size\": {\"m\": 1}}}", "stripe_pid": "pi_3LtVq4ApQrGKaWPW01v5f13N"}}, {"model": "checkout.order", "pk": 11, "fields": {"order_number": "01D140FACE574A3790F0E0646AE6B14D", "user_profile": 1, "full_name": "Dustin Li", "phone_number": "07783405748", "email": "dustin.li1988@gmail.com", "country": "GB", "street_address1": "42 Elm Grove", "street_address2": "Park Lane", "town_or_city": "Buckley", "county": "Flintshire", "postcode": "CH7 2LU", "date": "2022-10-16T12:49:40.474Z", "delivery_cost": "0.00", "order_total": "59.99", "grand_total": "59.99", "original_bag": "{\"14\": {\"items_by_size\": {\"m\": 1}}}", "stripe_pid": "pi_3LtW5jApQrGKaWPW1qfI8444"}}, {"model": "checkout.order", "pk": 12, "fields": {"order_number": "9613FB5C5C2D435586962B1EA4F99262", "user_profile": 1, "full_name": "Dustin Li", "phone_number": "07783405748", "email": "dustin.li1988@gmail.com", "country": "GB", "street_address1": "42 Elm Grove", "street_address2": "Park Lane", "town_or_city": "Buckley", "county": "Flintshire", "postcode": "CH7 2LU", "date": "2022-10-16T13:17:43.520Z", "delivery_cost": "0.00", "order_total": "79.99", "grand_total": "79.99", "original_bag": "{\"20\": {\"items_by_size\": {\"l\": 1}}}", "stripe_pid": "pi_3LtWicApQrGKaWPW0kDPTA4T"}}, {"model": "checkout.order", "pk": 13, "fields": {"order_number": "D048907AD2C04BDBB8DF58F673F183FC", "user_profile": 1, "full_name": "Dustin Li", "phone_number": "07783405748", "email": "dustin.li1988@gmail.com", "country": "GB", "street_address1": "42 Elm Grove", "street_address2": "Park Lane", "town_or_city": "Buckley", "county": "Flintshire", "postcode": "CH7 2LU", "date": "2022-10-16T13:22:35.999Z", "delivery_cost": "0.00", "order_total": "129.99", "grand_total": "129.99", "original_bag": "{\"11\": {\"items_by_size\": {\"s\": 1}}}", "stripe_pid": "pi_3LtWnEApQrGKaWPW1vefEW1I"}}, {"model": "checkout.order", "pk": 14, "fields": {"order_number": "25621271A5C243B08F6F8266D730F4D8", "user_profile": 1, "full_name": "Dustin Li", "phone_number": "07783405748", "email": "dustin.li1988@gmail.com", "country": "GB", "street_address1": "42 Elm Grove", "street_address2": "Park Lane", "town_or_city": "Buckley", "county": "Flintshire", "postcode": "CH7 2LU", "date": "2022-10-16T13:25:58.610Z", "delivery_cost": "0.00", "order_total": "144.99", "grand_total": "144.99", "original_bag": "{\"9\": 1}", "stripe_pid": "pi_3LtWqbApQrGKaWPW0o02WC8c"}}, {"model": "checkout.orderlineitem", "pk": 1, "fields": {"order": 1, "product": 17, "product_size": "m", "quantity": 1, "lineitem_total": "149.99"}}, {"model": "checkout.orderlineitem", "pk": 2, "fields": {"order": 2, "product": 10, "product_size": "m", "quantity": 1, "lineitem_total": "54.99"}}, {"model": "checkout.orderlineitem", "pk": 3, "fields": {"order": 2, "product": 34, "product_size": "l", "quantity": 1, "lineitem_total": "134.99"}}, {"model": "checkout.orderlineitem", "pk": 4, "fields": {"order": 2, "product": 12, "product_size": null, "quantity": 1, "lineitem_total": "69.99"}}, {"model": "checkout.orderlineitem", "pk": 5, "fields": {"order": 3, "product": 7, "product_size": "m", "quantity": 1, "lineitem_total": "127.99"}}, {"model": "checkout.orderlineitem", "pk": 6, "fields": {"order": 3, "product": 10, "product_size": "s", "quantity": 1, "lineitem_total": "54.99"}}, {"model": "checkout.orderlineitem", "pk": 7, "fields": {"order": 4, "product": 33, "product_size": "m", "quantity": 1, "lineitem_total": "26.99"}}, {"model": "checkout.orderlineitem", "pk": 8, "fields": {"order": 5, "product": 33, "product_size": "m", "quantity": 1, "lineitem_total": "26.99"}}, {"model": "checkout.orderlineitem", "pk": 9, "fields": {"order": 6, "product": 33, "product_size": "m", "quantity": 2, "lineitem_total": "53.98"}}, {"model": "checkout.orderlineitem", "pk": 10, "fields": {"order": 7, "product": 26, "product_size": "m", "quantity": 1, "lineitem_total": "69.98"}}, {"model": "checkout.orderlineitem", "pk": 11, "fields": {"order": 8, "product": 8, "product_size": "m", "quantity": 1, "lineitem_total": "109.99"}}, {"model": "checkout.orderlineitem", "pk": 12, "fields": {"order": 9, "product": 8, "product_size": "m", "quantity": 1, "lineitem_total": "109.99"}}, {"model": "checkout.orderlineitem", "pk": 13, "fields": {"order": 10, "product": 17, "product_size": "m", "quantity": 1, "lineitem_total": "149.99"}}, {"model": "checkout.orderlineitem", "pk": 14, "fields": {"order": 11, "product": 14, "product_size": "m", "quantity": 1, "lineitem_total": "59.99"}}, {"model": "checkout.orderlineitem", "pk": 15, "fields": {"order": 12, "product": 20, "product_size": "l", "quantity": 1, "lineitem_total": "79.99"}}, {"model": "checkout.orderlineitem", "pk": 16, "fields": {"order": 13, "product": 11, "product_size": "s", "quantity": 1, "lineitem_total": "129.99"}}, {"model": "checkout.orderlineitem", "pk": 17, "fields": {"order": 14, "product": 9, "product_size": null, "quantity": 1, "lineitem_total": "144.99"}}, {"model": "profiles.userprofile", "pk": 1, "fields": {"user": 3, "default_phone_number": "07783405748", "default_country": "GB", "default_street_address1": "42 Elm Grove", "default_street_address2": "Park Lane", "default_town_or_city": "Buckley", "default_county": "Flintshire", "default_postcode": "CH7 2LU"}}, {"model": "profiles.userprofile", "pk": 2, "fields": {"user": 4, "default_phone_number": null, "default_country": null, "default_street_address1": null, "default_street_address2": null, "default_town_or_city": null, "default_county": null, "default_postcode": null}}]